O,psi,alpha,mean_K,Omega,mean_Sz_perflower,Sz_at_meanK,frac_competitive,Ostar
2.0,0.001,0.25,0.2865,0.01198333333333333,0.019451926203136804,0.0,0.0315,0.3968502629920499
3.0,0.001,0.25,0.21733333333333332,0.003175,0.00528821854914418,0.0,0.011,0.3968502629920499
4.0,0.001,0.25,0.1745,0.0014095238095238093,0.0023529498814112396,0.0,0.005,0.3968502629920499
7.0,0.001,0.25,0.11699999999999997,0.0,0.0,0.0,0.0,0.3968502629920499
10.0,0.001,0.25,0.08615,0.0,0.0,0.0,0.0,0.3968502629920499
15.0,0.001,0.25,0.06356666666666666,0.0,0.0,0.0,0.0,0.3968502629920499
22.0,0.001,0.25,0.05138636363636363,0.0,0.0,0.0,0.0,0.3968502629920499
33.0,0.001,0.25,0.03512121212121212,0.0,0.0,0.0,0.0,0.3968502629920499
49.0,0.001,0.25,0.0275,0.0,0.0,0.0,0.0,0.3968502629920499
73.0,0.001,0.25,0.019883561643835614,0.0,0.0,0.0,0.0,0.3968502629920499
110.0,0.001,0.25,0.015,0.0,0.0,0.0,0.0,0.3968502629920499
164.0,0.001,0.25,0.010990853658536586,0.0,0.0,0.0,0.0,0.3968502629920499
244.0,0.001,0.25,0.008077868852459015,0.0,0.0,0.0,0.0,0.3968502629920499
365.0,0.001,0.25,0.006161643835616438,0.0,0.0,0.0,0.0,0.3968502629920499
544.0,0.001,0.25,0.004499080882352942,0.0,0.0,0.0,0.0,0.3968502629920499
812.0,0.001,0.25,0.0032592364532019703,0.0,0.0,0.0,0.0,0.3968502629920499
1212.0,0.001,0.25,0.0025177392739273927,0.0,0.0,0.0,0.0,0.3968502629920499
1809.0,0.001,0.25,0.0017686567164179104,0.0,0.0,0.0,0.0,0.3968502629920499
2701.0,0.001,0.25,0.0013317289892632361,0.0,0.0,0.0,0.0,0.3968502629920499
4031.0,0.001,0.25,0.0010164971471098982,0.0,0.0,0.0,0.0,0.3968502629920499
6016.0,0.001,0.25,0.0007606382978723403,0.0,0.0,0.0,0.0,0.3968502629920499
8979.0,0.001,0.25,0.0005462189553402383,0.0,0.0,0.0,0.0,0.3968502629920499
13400.0,0.001,0.25,0.0004071268656716418,0.0,0.0,0.0,0.0,0.3968502629920499
20000.0,0.001,0.25,0.00029935,0.0,0.0,0.0,0.0,0.3968502629920499
2.0,0.001,0.5,0.353,0.02095,0.03401417092126228,0.0,0.0545,0.25
3.0,0.001,0.5,0.2885,0.007873214285714285,0.012965363175889285,0.0,0.024,0.25
4.0,0.001,0.5,0.253375,0.0032309523809523812,0.00550770609273836,0.0,0.0135,0.25
7.0,0.001,0.5,0.19757142857142856,0.0001875,0.00035289176600853203,0.0,0.0015,0.25
10.0,0.001,0.5,0.15419999999999998,0.0,0.0,0.0,0.0,0.25
15.0,0.001,0.5,0.12933333333333336,0.0,0.0,0.0,0.0,0.25
22.0,0.001,0.5,0.10738636363636363,0.0,0.0,0.0,0.0,0.25
33.0,0.001,0.5,0.08725757575757576,0.0,0.0,0.0,0.0,0.25
49.0,0.001,0.5,0.07117346938775511,0.0,0.0,0.0,0.0,0.25
73.0,0.001,0.5,0.0571917808219178,0.0,0.0,0.0,0.0,0.25
110.0,0.001,0.5,0.045868181818181815,0.0,0.0,0.0,0.0,0.25
164.0,0.001,0.5,0.038765243902439024,0.0,0.0,0.0,0.0,0.25
244.0,0.001,0.5,0.03207377049180327,0.0,0.0,0.0,0.0,0.25
365.0,0.001,0.5,0.025932876712328762,0.0,0.0,0.0,0.0,0.25
544.0,0.001,0.5,0.02143841911764706,0.0,0.0,0.0,0.0,0.25
812.0,0.001,0.5,0.01757204433497537,0.0,0.0,0.0,0.0,0.25
1212.0,0.001,0.5,0.014620874587458747,0.0,0.0,0.0,0.0,0.25
1809.0,0.001,0.5,0.01174046434494196,0.0,0.0,0.0,0.0,0.25
2701.0,0.001,0.5,0.009661051462421327,0.0,0.0,0.0,0.0,0.25
4031.0,0.001,0.5,0.007724758124534855,0.0,0.0,0.0,0.0,0.25
6016.0,0.001,0.5,0.006554853723404255,0.0,0.0,0.0,0.0,0.25
8979.0,0.001,0.5,0.005294297805991758,0.0,0.0,0.0,0.0,0.25
13400.0,0.001,0.5,0.004256044776119404,0.0,0.0,0.0,0.0,0.25
20000.0,0.001,0.5,0.003525025,0.0,0.0,0.0,0.0,0.25
2.0,0.001,0.75,0.4235,0.028391666666666666,0.04616818738226719,0.0,0.075,0.0625
3.0,0.001,0.75,0.37316666666666665,0.014646428571428572,0.02426280167052473,0.0,0.047,0.0625
4.0,0.001,0.75,0.359,0.011161832611832612,0.01867548397591901,0.0,0.0395,0.0625
7.0,0.001,0.75,0.3048571428571429,0.004260693473193473,0.00736462866037539,0.0,0.0205,0.0625
10.0,0.001,0.75,0.29005000000000003,0.001833150917709741,0.0031816708993657253,0.0,0.0095,0.0625
15.0,0.001,0.75,0.24743333333333334,0.00020465686274509805,0.00039287518677379944,0.0,0.002,0.0625
22.0,0.001,0.75,0.22784090909090907,8.17391304347826e-05,0.0001618519497911863,0.0,0.001,0.0625
33.0,0.001,0.75,0.20525757575757572,6.578947368421052e-05,0.0001228193079482308,0.0,0.0005,0.0625
49.0,0.001,0.75,0.19185714285714286,0.0,0.0,0.0,0.0,0.0625
73.0,0.001,0.75,0.17115753424657532,0.0,0.0,0.0,0.0,0.0625
110.0,0.001,0.75,0.15563181818181818,0.0,0.0,0.0,0.0,0.0625
164.0,0.001,0.75,0.1382378048780488,0.0,0.0,0.0,0.0,0.0625
244.0,0.001,0.75,0.1283094262295082,0.0,0.0,0.0,0.0,0.0625
365.0,0.001,0.75,0.11533287671232878,0.0,0.0,0.0,0.0,0.0625
544.0,0.001,0.75,0.10664613970588235,0.0,0.0,0.0,0.0,0.0625
812.0,0.001,0.75,0.09466810344827588,0.0,0.0,0.0,0.0,0.0625
1212.0,0.001,0.75,0.0847743399339934,0.0,0.0,0.0,0.0,0.0625
1809.0,0.001,0.75,0.07720425649530127,0.0,0.0,0.0,0.0,0.0625
2701.0,0.001,0.75,0.06928637541651242,0.0,0.0,0.0,0.0,0.0625
4031.0,0.001,0.75,0.06221074175142644,0.0,0.0,0.0,0.0,0.0625
6016.0,0.001,0.75,0.055630069813829786,0.0,0.0,0.0,0.0,0.0625
8979.0,0.001,0.75,0.05121127074284442,0.0,0.0,0.0,0.0,0.0625
13400.0,0.001,0.75,0.04605712686567164,0.0,0.0,0.0,0.0,0.0625
20000.0,0.001,0.75,0.040981575,0.0,0.0,0.0,0.0,0.0625
2.0,0.001,1.0,0.511,0.0452202380952381,0.07331921387007287,0.0,0.1065,
3.0,0.001,1.0,0.5053333333333334,0.03661428571428572,0.05996964445841194,0.0,0.103,
4.0,0.001,1.0,0.494125,0.027326190476190476,0.045154871858717555,0.0,0.086,
7.0,0.001,1.0,0.49,0.021995964452214453,0.0371980947911047,0.0,0.0885,
10.0,0.001,1.0,0.49029999999999996,0.017050829615781048,0.02892123547677432,0.0,0.0715,
15.0,0.001,1.0,0.4907,0.01534738915833274,0.026461351751933083,0.0,0.075,
22.0,0.001,1.0,0.48597727272727276,0.012649362503809063,0.021937258095493562,0.0,0.067,
33.0,0.001,1.0,0.4827424242424242,0.010363310956320313,0.01811187699698898,0.0,0.058,
49.0,0.001,1.0,0.4986632653061225,0.012055502566527768,0.021116324231685704,0.0,0.072,
73.0,0.001,1.0,0.5005958904109589,0.011500670071411076,0.02012948391717052,0.0,0.0665,
110.0,0.001,1.0,0.49510454545454546,0.01135161827013054,0.019747824848293502,0.0,0.067,
164.0,0.001,1.0,0.5021067073170732,0.010032922708515938,0.0177711677649979,0.0,0.067,
244.0,0.001,1.0,0.4971004098360655,0.010891767166152803,0.019000692320743313,0.0,0.066,
365.0,0.001,1.0,0.4914890410958905,0.009756955077767393,0.017139210828432738,0.0,0.059,
544.0,0.001,1.0,0.49967830882352937,0.010693139430966945,0.01870069449180679,0.0,0.065,
812.0,0.001,1.0,0.5005831280788178,0.00922648212627634,0.01629386830892946,0.0,0.062,
1212.0,0.001,1.0,0.5015589933993398,0.010799360082744574,0.018729368064377645,0.0,0.06,
1809.0,0.001,1.0,0.5025619126589276,0.008850199477870213,0.015679651788701954,0.0,0.0615,
2701.0,0.001,1.0,0.49602665679378016,0.009796849271743383,0.017229533220813012,0.0,0.061,
4031.0,0.001,1.0,0.5099939221036964,0.011665103539231192,0.020151457411846756,0.0,0.0635,
6016.0,0.001,1.0,0.4928046875,0.01038928118309529,0.01822005639084992,0.0,0.0625,
8979.0,0.001,1.0,0.4825395923822252,0.008752928554506134,0.015536697638330509,0.0,0.06,
13400.0,0.001,1.0,0.49788302238805965,0.011331794370869959,0.019729703185159514,0.0,0.0685,
20000.0,0.001,1.0,0.49072905,0.009154511906172048,0.01601805393243975,0.0,0.057,
2.0,0.001,1.25,0.60725,0.06401547619047619,0.10398107415887296,0.0,0.1535,16.0
3.0,0.001,1.25,0.676,0.0709263195138195,0.11611067536287163,0.0,0.188,16.0
4.0,0.001,1.25,0.693875,0.06462033799533799,0.10643725268979945,0.0,0.1915,16.0
7.0,0.001,1.25,0.8025714285714287,0.08247353606740722,0.13646203713189783,0.0,0.252,16.0
10.0,0.001,1.25,0.8876000000000001,0.10317642662264284,0.17049261026215326,0.0,0.3215,16.0
15.0,0.001,1.25,0.9742,0.12270040695238492,0.2033144235462873,0.0,0.3945,16.0
22.0,0.001,1.25,1.0617727272727273,0.14562965548785467,0.24065914280485082,0.12346024943947981,0.453,16.0
33.0,0.001,1.25,1.187378787878788,0.18115495087073202,0.298708530264923,0.2863040502468791,0.531,16.0
49.0,0.001,1.25,1.2960408163265307,0.21463628663267,0.3529240161836484,0.3920213913741018,0.5865,16.0
73.0,0.001,1.25,1.4700342465753424,0.2624535281527029,0.4311021239921057,0.5255240199235912,0.6605,16.0
110.0,0.001,1.25,1.5968818181818183,0.29417345090118385,0.4836135500594419,0.6049058660832999,0.7025,16.0
164.0,0.001,1.25,1.8017439024390243,0.34457601550242767,0.5668987223902545,0.7119456013732488,0.7595,16.0
244.0,0.001,1.25,2.0086065573770493,0.39148774293247074,0.6453462705294458,0.8013065255595957,0.8045,16.0
365.0,0.001,1.25,2.1946712328767126,0.4289218570661719,0.7094563918788849,0.8701310998469058,0.8375,16.0
544.0,0.001,1.25,2.3730073529411766,0.456351767228037,0.7587866678228579,0.9282618821793566,0.868,16.0
812.0,0.001,1.25,2.7221878078817734,0.5168527265231513,0.8643900053511238,1.025396023657104,0.9075,16.0
1212.0,0.001,1.25,2.934929867986799,0.5385578834506342,0.9064880453025046,1.076262536320438,0.913,16.0
1809.0,0.001,1.25,3.3667252625760087,0.5910571755333486,1.0049831246503598,1.16528935589624,0.934,16.0
2701.0,0.001,1.25,3.5641397630507217,0.6080845848570938,1.0394119593004163,1.200960415244291,0.9435,16.0
4031.0,0.001,1.25,3.9305425452741254,0.6464113067348242,1.1132111663917594,1.2606260960440931,0.965,16.0
6016.0,0.001,1.25,4.431158660239362,0.6771152149662171,1.182095931595641,1.331214740347094,0.969,16.0
8979.0,0.001,1.25,4.856957289230426,0.7069567134219303,1.2449662847716065,1.3835414438385327,0.975,16.0
13400.0,0.001,1.25,5.368629962686567,0.7323761397939212,1.3040868314816152,1.4391285892714294,0.9815,16.0
20000.0,0.001,1.25,5.92603905,0.74864614903853,1.3508557067749871,1.4925004910725561,0.984,16.0
2.0,0.003,0.25,0.898,0.12737218614718615,0.20699760816451102,0.0,0.276,1.7170713638299977
3.0,0.003,0.25,0.6725,0.06936823593073593,0.11360470790059038,0.0,0.187,1.7170713638299977
4.0,0.003,0.25,0.5315,0.03408258963258963,0.056457731353894716,0.0,0.108,1.7170713638299977
7.0,0.003,0.25,0.3531428571428571,0.006589947552447552,0.011359778037214528,0.0,0.031,1.7170713638299977
10.0,0.003,0.25,0.26315000000000005,0.0008783716283716282,0.0015732586069654496,0.0,0.0055,1.7170713638299977
15.0,0.003,0.25,0.19996666666666668,0.0002634803921568628,0.0005046569338464075,0.0,0.0025,1.7170713638299977
22.0,0.003,0.25,0.1456818181818182,0.0,0.0,0.0,0.0,1.7170713638299977
33.0,0.003,0.25,0.11146969696969697,0.0,0.0,0.0,0.0,1.7170713638299977
49.0,0.003,0.25,0.08189795918367347,0.0,0.0,0.0,0.0,1.7170713638299977
73.0,0.003,0.25,0.059876712328767116,0.0,0.0,0.0,0.0,1.7170713638299977
110.0,0.003,0.25,0.04388636363636363,0.0,0.0,0.0,0.0,1.7170713638299977
164.0,0.003,0.25,0.03343902439024391,0.0,0.0,0.0,0.0,1.7170713638299977
244.0,0.003,0.25,0.025346311475409836,0.0,0.0,0.0,0.0,1.7170713638299977
365.0,0.003,0.25,0.017769863013698633,0.0,0.0,0.0,0.0,1.7170713638299977
544.0,0.003,0.25,0.013260110294117647,0.0,0.0,0.0,0.0,1.7170713638299977
812.0,0.003,0.25,0.009733374384236453,0.0,0.0,0.0,0.0,1.7170713638299977
1212.0,0.003,0.25,0.007253712871287128,0.0,0.0,0.0,0.0,1.7170713638299977
1809.0,0.003,0.25,0.0053242122719734655,0.0,0.0,0.0,0.0,1.7170713638299977
2701.0,0.003,0.25,0.004056090336912255,0.0,0.0,0.0,0.0,1.7170713638299977
4031.0,0.003,0.25,0.002941825849665095,0.0,0.0,0.0,0.0,1.7170713638299977
6016.0,0.003,0.25,0.0021831781914893617,0.0,0.0,0.0,0.0,1.7170713638299977
8979.0,0.003,0.25,0.001625292348813899,0.0,0.0,0.0,0.0,1.7170713638299977
13400.0,0.003,0.25,0.0011935447761194028,0.0,0.0,0.0,0.0,1.7170713638299977
20000.0,0.003,0.25,0.00090915,0.0,0.0,0.0,0.0,1.7170713638299977
2.0,0.003,0.5,1.069,0.16557865745365746,0.26960279005157095,0.1348076803728843,0.345,2.25
3.0,0.003,0.5,0.8795,0.11825050782550783,0.19304713239569912,0.0,0.2855,2.25
4.0,0.003,0.5,0.73425,0.07535248085248085,0.12378889143921395,0.0,0.211,2.25
7.0,0.003,0.5,0.5635714285714287,0.033305115325495765,0.056079924898193315,0.0,0.128,2.25
10.0,0.003,0.5,0.4703,0.014406248378384603,0.024692777307903244,0.0,0.066,2.25
15.0,0.003,0.5,0.3852333333333334,0.004258461284624799,0.00751681573674653,0.0,0.025,2.25
22.0,0.003,0.5,0.3138636363636364,0.001077127058318422,0.0019329248057021373,0.0,0.0075,2.25
33.0,0.003,0.5,0.2602121212121212,8.655462184873949e-05,0.00019055562062324477,0.0,0.002,2.25
49.0,0.003,0.5,0.21109183673469387,0.0,0.0,0.0,0.0,2.25
73.0,0.003,0.5,0.1715753424657534,0.0,0.0,0.0,0.0,2.25
110.0,0.003,0.5,0.14481818181818182,0.0,0.0,0.0,0.0,2.25
164.0,0.003,0.5,0.1173079268292683,0.0,0.0,0.0,0.0,2.25
244.0,0.003,0.5,0.0967438524590164,0.0,0.0,0.0,0.0,2.25
365.0,0.003,0.5,0.07769589041095891,0.0,0.0,0.0,0.0,2.25
544.0,0.003,0.5,0.06409191176470588,0.0,0.0,0.0,0.0,2.25
812.0,0.003,0.5,0.051383004926108374,0.0,0.0,0.0,0.0,2.25
1212.0,0.003,0.5,0.04251856435643565,0.0,0.0,0.0,0.0,2.25
1809.0,0.003,0.5,0.034637645107794365,0.0,0.0,0.0,0.0,2.25
2701.0,0.003,0.5,0.028706590151795632,0.0,0.0,0.0,0.0,2.25
4031.0,0.003,0.5,0.02355135202183081,0.0,0.0,0.0,0.0,2.25
6016.0,0.003,0.5,0.019076545877659577,0.0,0.0,0.0,0.0,2.25
8979.0,0.003,0.5,0.016377826038534358,0.0,0.0,0.0,0.0,2.25
13400.0,0.003,0.5,0.012932462686567163,0.0,0.0,0.0,0.0,2.25
20000.0,0.003,0.5,0.010546400000000001,0.0,0.0,0.0,0.0,2.25
2.0,0.003,0.75,1.21025,0.20003441558441556,0.326585217398802,0.3105259277017063,0.402,5.0625
3.0,0.003,0.75,1.161,0.18767622671446202,0.30707253194115247,0.2567432699503808,0.419,5.0625
4.0,0.003,0.75,1.064625,0.15886425274072333,0.259917694374455,0.1279812838447676,0.39,5.0625
7.0,0.003,0.75,0.9342857142857143,0.11797528002319917,0.19417704649317313,0.0,0.3405,5.0625
10.0,0.003,0.75,0.8415,0.09322347496538642,0.15450523942014663,0.0,0.2965,5.0625
15.0,0.003,0.75,0.7649000000000001,0.06631548744531815,0.11086635754306226,0.0,0.242,5.0625
22.0,0.003,0.75,0.700590909090909,0.0503567139887525,0.0847910909730443,0.0,0.2,5.0625
33.0,0.003,0.75,0.6401666666666667,0.03580969086464016,0.0609494767113148,0.0,0.163,5.0625
49.0,0.003,0.75,0.5736326530612244,0.021137823195384736,0.03637217197183763,0.0,0.109,5.0625
73.0,0.003,0.75,0.5147534246575342,0.01186530354410263,0.02063649164585163,0.0,0.0715,5.0625
110.0,0.003,0.75,0.4546409090909091,0.006609185774472716,0.011601844528473801,0.0,0.041,5.0625
164.0,0.003,0.75,0.41395426829268295,0.003909143342700648,0.007026126293203383,0.0,0.0285,5.0625
244.0,0.003,0.75,0.3744938524590164,0.0016679526069719795,0.0030631036466781383,0.0,0.014,5.0625
365.0,0.003,0.75,0.3408616438356164,0.0008293228831512947,0.0015310567630572166,0.0,0.0075,5.0625
544.0,0.003,0.75,0.313359375,9.548440957252311e-05,0.00020764109616358922,0.0,0.0025,5.0625
812.0,0.003,0.75,0.2770141625615763,5.2090584028605484e-05,0.00011117882281230108,0.0,0.001,5.0625
1212.0,0.003,0.75,0.2522000825082508,4.910714285714286e-05,9.603208362317604e-05,0.0,0.0005,5.0625
1809.0,0.003,0.75,0.23010641238253177,8.156606851549754e-06,2.068646425155498e-05,0.0,0.0005,5.0625
2701.0,0.003,0.75,0.20590355423917067,0.0,0.0,0.0,0.0,5.0625
4031.0,0.003,0.75,0.19002790870751676,0.0,0.0,0.0,0.0,5.0625
6016.0,0.003,0.75,0.17157039561170212,0.0,0.0,0.0,0.0,5.0625
8979.0,0.003,0.75,0.15729184764450382,0.0,0.0,0.0,0.0,5.0625
13400.0,0.003,0.75,0.14229391791044776,0.0,0.0,0.0,0.0,5.0625
20000.0,0.003,0.75,0.12437835,0.0,0.0,0.0,0.0,5.0625
2.0,0.003,1.0,1.5045,0.2684908726077844,0.44053063469734466,0.5483198231941138,0.504,
3.0,0.003,1.0,1.4905,0.2692154947735443,0.44067624123458426,0.5391804553246328,0.5485,
4.0,0.003,1.0,1.503125,0.2663828577833726,0.4378761462841629,0.5474292912996059,0.572,
7.0,0.003,1.0,1.4573571428571426,0.2616052520781462,0.4289084079671694,0.5168810460930665,0.603,
10.0,0.003,1.0,1.5252999999999999,0.2757896822022531,0.4533954536213465,0.5616082855806983,0.636,
15.0,0.003,1.0,1.5488333333333335,0.2835679063022968,0.4653874845039832,0.5762444736927291,0.658,
22.0,0.003,1.0,1.5337727272727275,0.280854309661021,0.4609611015622603,0.5669253587355213,0.664,
33.0,0.003,1.0,1.5007727272727271,0.27243737969491816,0.44770656368248046,0.5459022721638033,0.675,
49.0,0.003,1.0,1.489204081632653,0.26667596028666923,0.43774224305186216,0.5383262786267888,0.6505,
73.0,0.003,1.0,1.495013698630137,0.27025895619343876,0.4429557313838962,0.5421446466490958,0.6525,
110.0,0.003,1.0,1.5005954545454545,0.2732334921634448,0.4478125983225616,0.5457870104420158,0.668,
164.0,0.003,1.0,1.5121128048780488,0.27530202359874867,0.45220424334665305,0.5532229072564755,0.6905,
244.0,0.003,1.0,1.459219262295082,0.25653906253554826,0.4218720124717291,0.5181596525483808,0.6545,
365.0,0.003,1.0,1.554194520547945,0.28656502096079767,0.4703822185423277,0.5795219302336374,0.6985,
544.0,0.003,1.0,1.463236213235294,0.26079537855432566,0.42831322192047194,0.5209071718384232,0.665,
812.0,0.003,1.0,1.5237758620689656,0.2769140511054464,0.45439056100008934,0.5606460124432623,0.691,
1212.0,0.003,1.0,1.4648638613861384,0.2614525215203732,0.4287145975638875,0.5220163250583649,0.6505,
1809.0,0.003,1.0,1.482765616362631,0.2639705535769706,0.4334700371475278,0.53406155469837,0.6705,
2701.0,0.003,1.0,1.51770788596816,0.27581500240980894,0.45273306446531225,0.5567972006698547,0.6855,
4031.0,0.003,1.0,1.5094002728851403,0.2743557458713709,0.4505977107699505,0.551481180010816,0.6895,
6016.0,0.003,1.0,1.531027260638298,0.2785220682216849,0.4571330565205712,0.5652083853934878,0.685,
8979.0,0.003,1.0,1.5142223521550287,0.2736827786868836,0.449270589406071,0.5545734327502571,0.6725,
13400.0,0.003,1.0,1.4657347388059703,0.2599012232416871,0.42682619045873976,0.5226088084945437,0.6545,
20000.0,0.003,1.0,1.5134854,0.2736338277684103,0.44959535830784136,0.5541020370003662,0.681,
2.0,0.003,1.25,1.80775,0.32731189694808116,0.5409684876052686,0.7147722756503349,0.585,0.19753086419753085
3.0,0.003,1.25,1.9545,0.3676734237426735,0.6071966569015274,0.7794007789229549,0.683,0.19753086419753085
4.0,0.003,1.25,2.14475,0.40024210051729797,0.6649409596790721,0.8525686482922328,0.725,0.19753086419753085
7.0,0.003,1.25,2.449071428571429,0.4627649072588952,0.7711908156075601,0.9511225918985399,0.815,0.19753086419753085
10.0,0.003,1.25,2.6149000000000004,0.4893758975258031,0.8188913776472702,0.9975535868081222,0.856,0.19753086419753085
15.0,0.003,1.25,2.9822999999999995,0.5415778315314725,0.9131633332293247,1.0868888606756562,0.8915,0.19753086419753085
22.0,0.003,1.25,3.244181818181818,0.5789804253637998,0.9810690094283482,1.1416875985220407,0.9235,0.19753086419753085
33.0,0.003,1.25,3.556439393939394,0.607252295271261,1.0375459660331183,1.1996193413080414,0.94,0.19753086419753085
49.0,0.003,1.25,3.9507551020408163,0.6431379814502757,1.1099261759339998,1.263700979778492,0.9565,0.19753086419753085
73.0,0.003,1.25,4.370219178082191,0.6747514491918418,1.175214986271756,1.3231933107586982,0.9665,0.19753086419753085
110.0,0.003,1.25,4.853768181818182,0.7052582921626387,1.241638869329308,1.3831717652008788,0.982,0.19753086419753085
164.0,0.003,1.25,5.368045731707318,0.7276199388730125,1.2978485400182778,1.4390690161815174,0.9765,0.19753086419753085
244.0,0.003,1.25,5.956079918032787,0.7565492515052253,1.3648154899151164,1.49519573411961,0.9835,0.19753086419753085
365.0,0.003,1.25,6.5905438356164385,0.7763034081015917,1.4178855505199326,1.548435250056163,0.988,0.19753086419753085
544.0,0.003,1.25,7.235548713235294,0.7956129565446679,1.4704197669916257,1.5963930838927722,0.9905,0.19753086419753085
812.0,0.003,1.25,7.865455665024631,0.8120825431189609,1.516944868727553,1.6383914390309489,0.994,0.19753086419753085
1212.0,0.003,1.25,8.824731435643564,0.8336601431085996,1.5818849128141725,1.6950190786028942,0.996,0.19753086419753085
1809.0,0.003,1.25,9.71945024875622,0.8475709084358366,1.6316784468636234,1.7414720877309826,0.9945,0.19753086419753085
2701.0,0.003,1.25,10.822389485375787,0.8671400804341055,1.6932586943183965,1.7921032232103684,0.9985,0.19753086419753085
4031.0,0.003,1.25,11.903412924832548,0.8746745527665856,1.7306716283620174,1.836059627010081,0.9975,0.19753086419753085
6016.0,0.003,1.25,13.121060339095743,0.8856823876027372,1.7784983889485753,1.8802073090561966,0.9975,0.19753086419753085
8979.0,0.003,1.25,14.262508631250697,0.8918227032081122,1.810919692419985,1.917393870564989,0.9975,0.19753086419753085
13400.0,0.003,1.25,16.18821589552239,0.9075304449799192,1.876885409576378,1.9728091876231146,0.999,0.19753086419753085
20000.0,0.003,1.25,17.963887,0.9182675153243938,1.9269145156415488,2.017455336739453,0.9995,0.19753086419753085
2.0,0.01,0.25,2.99825,0.5130749909289186,0.870957191654433,1.0904141259561304,0.794,8.549879733383484
3.0,0.01,0.25,2.1843333333333335,0.40753979314410627,0.6768858538865759,0.8665443290710311,0.718,8.549879733383484
4.0,0.01,0.25,1.747125,0.32435419977001173,0.5341321681817821,0.6855023377645958,0.6485,8.549879733383484
7.0,0.01,0.25,1.1703571428571429,0.1840271208568634,0.30214281617922073,0.2674434779333307,0.479,8.549879733383484
10.0,0.01,0.25,0.8987,0.10734123374889407,0.17767420451806384,0.0,0.3365,8.549879733383484
15.0,0.01,0.25,0.6656,0.045111860583238454,0.07620308291328307,0.0,0.1865,8.549879733383484
22.0,0.01,0.25,0.4834545454545454,0.01282397655086217,0.022210332359112076,0.0,0.0655,8.549879733383484
33.0,0.01,0.25,0.36666666666666664,0.0017155960501299106,0.0031508556099685285,0.0,0.014,8.549879733383484
49.0,0.01,0.25,0.2672857142857143,0.00028537917144379443,0.000520664662933652,0.0,0.0025,8.549879733383484
73.0,0.01,0.25,0.20253424657534247,0.0,0.0,0.0,0.0,8.549879733383484
110.0,0.01,0.25,0.14636818181818181,0.0,0.0,0.0,0.0,8.549879733383484
164.0,0.01,0.25,0.10673170731707317,0.0,0.0,0.0,0.0,8.549879733383484
244.0,0.01,0.25,0.08110040983606558,0.0,0.0,0.0,0.0,8.549879733383484
365.0,0.01,0.25,0.061061643835616436,0.0,0.0,0.0,0.0,8.549879733383484
544.0,0.01,0.25,0.045157169117647056,0.0,0.0,0.0,0.0,8.549879733383484
812.0,0.01,0.25,0.032560960591133004,0.0,0.0,0.0,0.0,8.549879733383484
1212.0,0.01,0.25,0.024635726072607264,0.0,0.0,0.0,0.0,8.549879733383484
1809.0,0.01,0.25,0.017909618573797678,0.0,0.0,0.0,0.0,8.549879733383484
2701.0,0.01,0.25,0.01374713069233617,0.0,0.0,0.0,0.0,8.549879733383484
4031.0,0.01,0.25,0.009951128752170676,0.0,0.0,0.0,0.0,8.549879733383484
6016.0,0.01,0.25,0.007265708111702128,0.0,0.0,0.0,0.0,8.549879733383484
8979.0,0.01,0.25,0.0053405724468203585,0.0,0.0,0.0,0.0,8.549879733383484
13400.0,0.01,0.25,0.004029626865671642,0.0,0.0,0.0,0.0,8.549879733383484
20000.0,0.01,0.25,0.0029400999999999997,0.0,0.0,0.0,0.0,8.549879733383484
2.0,0.01,0.5,3.65325,0.5800152049483798,1.0012256338524461,1.2162021520398207,0.844,25.0
3.0,0.01,0.5,2.888333333333333,0.5075512390387394,0.8579997471251142,1.0655736051699176,0.8175,25.0
4.0,0.01,0.5,2.47825,0.4602267366028157,0.7691553678842673,0.9596180067323915,0.7985,25.0
7.0,0.01,0.5,1.8901428571428571,0.3581018109055009,0.5910809648421658,0.7520564083591486,0.7255,25.0
10.0,0.01,0.5,1.60025,0.2932735565038262,0.48148748000578007,0.6068569537862788,0.6415,25.0
15.0,0.01,0.5,1.258,0.20528058417436323,0.33744940749847974,0.35752061431723187,0.5495,25.0
22.0,0.01,0.5,1.0673863636363634,0.14724400324160444,0.24288766227244776,0.13230475260836283,0.437,25.0
33.0,0.01,0.5,0.9022878787878787,0.10142334621374456,0.16866221278864252,0.0,0.349,25.0
49.0,0.01,0.5,0.7113877551020409,0.04875957933907567,0.08229115850937518,0.0,0.2025,25.0
73.0,0.01,0.5,0.5768082191780822,0.02394521865559498,0.04100348565316708,0.0,0.1175,25.0
110.0,0.01,0.5,0.4826545454545455,0.00811126122923478,0.014454435924499728,0.0,0.0575,25.0
164.0,0.01,0.5,0.391609756097561,0.0018904576694376576,0.003529451673707703,0.0,0.0185,25.0
244.0,0.01,0.5,0.3167786885245902,0.0004957550173484372,0.0009268561638521421,0.0,0.0055,25.0
365.0,0.01,0.5,0.25862602739726026,0.0001706078962750412,0.0003156716960746906,0.0,0.0015,25.0
544.0,0.01,0.5,0.21425275735294116,0.0,0.0,0.0,0.0,25.0
812.0,0.01,0.5,0.1732783251231527,0.0,0.0,0.0,0.0,25.0
1212.0,0.01,0.5,0.14524381188118812,0.0,0.0,0.0,0.0,25.0
1809.0,0.01,0.5,0.11534024322830294,0.0,0.0,0.0,0.0,25.0
2701.0,0.01,0.5,0.09597537948907812,0.0,0.0,0.0,0.0,25.0
4031.0,0.01,0.5,0.07995410568097246,0.0,0.0,0.0,0.0,25.0
6016.0,0.01,0.5,0.06327443484042553,0.0,0.0,0.0,0.0,25.0
8979.0,0.01,0.5,0.05285989531128188,0.0,0.0,0.0,0.0,25.0
13400.0,0.01,0.5,0.042185559701492535,0.0,0.0,0.0,0.0,25.0
20000.0,0.01,0.5,0.035141075,0.0,0.0,0.0,0.0,25.0
2.0,0.01,0.75,4.203,0.6228619268087068,1.089194500641914,1.3004119295987349,0.8745,625.0
3.0,0.01,0.75,3.7448333333333337,0.5994701061360299,1.0339957057646312,1.2313571865195303,0.884,625.0
4.0,0.01,0.75,3.5945,0.5954197257385949,1.0215361561904441,1.206210194710269,0.903,625.0
7.0,0.01,0.75,3.0605,0.5450375218609351,0.9224299892004032,1.1039275589175217,0.886,625.0
10.0,0.01,0.75,2.83445,0.5186633288433077,0.872096596943277,1.052907851654694,0.873,625.0
15.0,0.01,0.75,2.5212,0.4809794280663931,0.8017363566476695,0.9718614713986752,0.861,625.0
22.0,0.01,0.75,2.296,0.4390258188878284,0.7296702685212954,0.9039885988166725,0.8355,625.0
33.0,0.01,0.75,2.08380303030303,0.40653465628255725,0.6714075265392696,0.830260912011497,0.8055,625.0
49.0,0.01,0.75,1.8955204081632653,0.36679997936414144,0.6036241468208724,0.7543981091429351,0.774,625.0
73.0,0.01,0.75,1.6984178082191779,0.32188380657666915,0.5287134044574303,0.6607215808400725,0.7265,625.0
110.0,0.01,0.75,1.5274954545454547,0.2767627710712851,0.4542965256574991,0.562991274998285,0.6705,625.0
164.0,0.01,0.75,1.3979908536585368,0.2451951684967227,0.4018877575671163,0.4743704509787969,0.6255,625.0
244.0,0.01,0.75,1.2541516393442622,0.1980303768018201,0.32633945377948687,0.35389432040159297,0.571,625.0
365.0,0.01,0.75,1.1402301369863015,0.16593274723695067,0.27387107244721187,0.23206487324908834,0.503,625.0
544.0,0.01,0.75,1.038390625,0.1353006603454996,0.22430166756277614,0.08391968716001902,0.4455,625.0
812.0,0.01,0.75,0.9445221674876847,0.1081007884482319,0.1802769926746672,0.0,0.394,625.0
1212.0,0.01,0.75,0.8457520627062707,0.08061575846730591,0.13507333785548092,0.0,0.3205,625.0
1809.0,0.01,0.75,0.7613222775013819,0.056752868122854266,0.09609344838784639,0.0,0.2495,625.0
2701.0,0.01,0.75,0.6950492410218437,0.04070651561466938,0.06957640660789702,0.0,0.1955,625.0
4031.0,0.01,0.75,0.6359908211361944,0.029444794957078333,0.05044892039072107,0.0,0.15,625.0
6016.0,0.01,0.75,0.5708749168882978,0.02142844150633657,0.036936465342289976,0.0,0.112,625.0
8979.0,0.01,0.75,0.5237704087314846,0.013866267648905162,0.023766625847080027,0.0,0.072,625.0
13400.0,0.01,0.75,0.46101570895522387,0.00542301340198422,0.009526581085544642,0.0,0.0375,625.0
20000.0,0.01,0.75,0.41779792499999996,0.0026574168539242634,0.004881454740841804,0.0,0.0235,625.0
2.0,0.01,1.0,4.91225,0.6701143007518809,1.1896284049268409,1.389901812314341,0.9075,
3.0,0.01,1.0,4.822333333333333,0.6832080588575188,1.2061169607060365,1.379511085404204,0.935,
4.0,0.01,1.0,5.0015,0.6935911879445751,1.2293157890995061,1.3999770264100613,0.94,
7.0,0.01,1.0,4.97192857142857,0.7060558957455116,1.2480104493183743,1.3966644635170222,0.9595,
10.0,0.01,1.0,4.99075,0.7081997054408605,1.252053431604155,1.398775729258405,0.9695,
15.0,0.01,1.0,4.951899999999999,0.7080848811478024,1.250165571448164,1.3944065174326503,0.9685,
22.0,0.01,1.0,4.884659090909091,0.7015569748307692,1.2373620171530992,1.386739556546488,0.973,
33.0,0.01,1.0,4.86110606060606,0.7032847795481438,1.2392885419630892,1.3840218996066702,0.9695,
49.0,0.01,1.0,5.0502448979591845,0.7122786442037272,1.2608594098413746,1.405383042949509,0.976,
73.0,0.01,1.0,5.040691780821918,0.7127040319216246,1.2607698100868565,1.40432883284217,0.9765,
110.0,0.01,1.0,5.089404545454546,0.7180267250917048,1.2713227994414855,1.4096779213925485,0.976,
164.0,0.01,1.0,5.023384146341463,0.7178303481528217,1.2683672674912454,1.4024123700819706,0.9785,
244.0,0.01,1.0,5.003350409836066,0.7146773903865449,1.2626375840071835,1.4001834737024696,0.976,
365.0,0.01,1.0,4.935789041095891,0.7093221019470765,1.2521294412095871,1.3925817194725645,0.979,
544.0,0.01,1.0,4.981284926470588,0.7168992717603551,1.2651894801110497,1.39771527543179,0.981,
812.0,0.01,1.0,4.936657019704433,0.7092401808189737,1.251943553951984,1.3926802249973103,0.971,
1212.0,0.01,1.0,4.960301980198019,0.7109909669067831,1.255336665829513,1.3953551471237653,0.9785,
1809.0,0.01,1.0,5.0417625760088445,0.7169341851398806,1.2676838409747553,1.4044471248006025,0.978,
2701.0,0.01,1.0,4.974238059977786,0.7138441588343615,1.260003816805142,1.396924077344684,0.98,
4031.0,0.01,1.0,5.064990200942694,0.717472603980174,1.2700896469040956,1.407005229851873,0.979,
6016.0,0.01,1.0,4.98171052194149,0.7093081000551318,1.253321822911858,1.3977630139390433,0.9745,
8979.0,0.01,1.0,4.937712384452612,0.7065143724511557,1.246838502310647,1.3927999667779003,0.972,
13400.0,0.01,1.0,4.977061791044776,0.7112937968205445,1.2560435369524459,1.3972412884505685,0.9735,
20000.0,0.01,1.0,5.04993865,0.7130816896039956,1.2623107868420194,1.4053492872932851,0.972,
2.0,0.01,1.25,5.9985,0.7271866631870427,1.3196046121360063,1.4989727018150116,0.937,0.0016
3.0,0.01,1.25,6.422166666666667,0.7583673001174766,1.38386483059481,1.5349503052678586,0.969,0.0016
4.0,0.01,1.25,6.907,0.7771498857719884,1.4298730201303935,1.5726575662855524,0.9785,0.0016
7.0,0.01,1.25,8.050285714285714,0.8124127390013958,1.5240522566864665,1.6499370273348088,0.9885,0.0016
10.0,0.01,1.25,8.76975,0.8311610907870893,1.5767717094311628,1.6919799283356134,0.993,0.0016
15.0,0.01,1.25,9.505933333333335,0.8410164385231866,1.6128257758033926,1.7308700681852256,0.993,0.0016
22.0,0.01,1.25,10.488045454545455,0.8577690559694634,1.667587930095808,1.7774344173281449,0.996,0.0016
33.0,0.01,1.25,11.785969696969698,0.8718079886702458,1.723764391141859,1.831519434242325,0.997,0.0016
49.0,0.01,1.25,13.349163265306125,0.8879279568371347,1.7869693636228798,1.8879369947236804,0.998,0.0016
73.0,0.01,1.25,14.522178082191783,0.8992429672913449,1.831845805643277,1.9253640326927766,0.9985,0.0016
110.0,0.01,1.25,16.313536363636363,0.9073886322562638,1.877543967999345,1.9761442262272289,0.9995,0.0016
164.0,0.01,1.25,17.583006097560975,0.9163839097546798,1.9178943247623628,2.0083261362225255,1.0,0.0016
244.0,0.01,1.25,19.538866803278687,0.9229918201848579,1.9617944012137023,2.05294728589212,0.9985,0.0016
365.0,0.01,1.25,21.699042465753426,0.9327601137729554,2.0110559986374046,2.0965635868941,0.9995,0.0016
544.0,0.01,1.25,24.28385386029412,0.9393794584714599,2.05748271302854,2.1425866974520025,1.0,0.0016
812.0,0.01,1.25,26.69507450738916,0.9422071590889518,2.08920913544607,2.1806966423840555,0.9995,0.0016
1212.0,0.01,1.25,29.737728960396037,0.9495273567676145,2.1379266180880085,2.2235065302581365,1.0,0.0016
1809.0,0.01,1.25,32.34769596462134,0.9537896428262754,2.1740843751548455,2.256416798613305,1.0,0.0016
2701.0,0.01,1.25,36.361889855609036,0.9589391896663689,2.2213024981879053,2.301543003788216,1.0,0.0016
4031.0,0.01,1.25,39.966895931530644,0.9633800647106125,2.2627082100548543,2.337489945581067,1.0,0.0016
6016.0,0.01,1.25,43.482962267287235,0.9660821910002024,2.294171365744237,2.369176332940115,1.0,0.0016
8979.0,0.01,1.25,48.046965363626235,0.9684413420749716,2.328616781132461,2.4062411251052453,1.0,0.0016
13400.0,0.01,1.25,54.51557055970149,0.9725554469203448,2.3775052267113614,2.452482664494731,1.0,0.0016
20000.0,0.01,1.25,58.319098575,0.9740934807035626,2.401678229138353,2.4768810172087994,1.0,0.0016
2.0,0.02,0.25,5.925,0.7269501138515317,1.316313655231061,1.492406961438183,0.938,21.544346900318832
3.0,0.02,0.25,4.3375,0.6518140034002936,1.1390083227622685,1.3188261853170906,0.9255,21.544346900318832
4.0,0.02,0.25,3.423125,0.5701581349919381,0.9764926871474845,1.1757631786600171,0.8765,21.544346900318832
7.0,0.02,0.25,2.333357142857143,0.4421532233824515,0.7350161183820029,0.9159122636050993,0.7995,21.544346900318832
10.0,0.02,0.25,1.78515,0.3375608620793419,0.5558602110023495,0.7040542981912125,0.711,21.544346900318832
15.0,0.02,0.25,1.3064333333333333,0.21667402974979147,0.35606669416796216,0.4010503131126757,0.5525,21.544346900318832
22.0,0.02,0.25,1.0022272727272727,0.13040815659533042,0.21562449317742405,0.006991839533438681,0.405,21.544346900318832
33.0,0.02,0.25,0.718651515151515,0.051521946049880925,0.0868683146092525,0.0,0.2115,21.544346900318832
49.0,0.02,0.25,0.5435,0.016255950451724885,0.028462658848355474,0.0,0.097,21.544346900318832
73.0,0.02,0.25,0.39544520547945206,0.003350897288000098,0.005958373736779838,0.0,0.0225,21.544346900318832
110.0,0.02,0.25,0.29876363636363634,0.00037236764909040205,0.0006965117270094807,0.0,0.0035,21.544346900318832
164.0,0.02,0.25,0.21678048780487805,0.0,0.0,0.0,0.0,21.544346900318832
244.0,0.02,0.25,0.16214344262295083,0.0,0.0,0.0,0.0,21.544346900318832
365.0,0.02,0.25,0.1221205479452055,0.0,0.0,0.0,0.0,21.544346900318832
544.0,0.02,0.25,0.08894025735294118,0.0,0.0,0.0,0.0,21.544346900318832
812.0,0.02,0.25,0.06641810344827587,0.0,0.0,0.0,0.0,21.544346900318832
1212.0,0.02,0.25,0.04907095709570957,0.0,0.0,0.0,0.0,21.544346900318832
1809.0,0.02,0.25,0.03557490326147043,0.0,0.0,0.0,0.0,21.544346900318832
2701.0,0.02,0.25,0.02671232876712329,0.0,0.0,0.0,0.0,21.544346900318832
4031.0,0.02,0.25,0.020253038948151825,0.0,0.0,0.0,0.0,21.544346900318832
6016.0,0.02,0.25,0.014748670212765958,0.0,0.0,0.0,0.0,21.544346900318832
8979.0,0.02,0.25,0.010856498496491816,0.0,0.0,0.0,0.0,21.544346900318832
13400.0,0.02,0.25,0.0079905223880597,0.0,0.0,0.0,0.0,21.544346900318832
20000.0,0.02,0.25,0.005835475,0.0,0.0,0.0,0.0,21.544346900318832
2.0,0.02,0.5,7.35275,0.7788266541854338,1.4476448163931768,1.6045401812332296,0.961,100.0
3.0,0.02,0.5,5.648,0.7254178051608466,1.303882468000243,1.466709885774673,0.9535,100.0
4.0,0.02,0.5,4.8615,0.686521423143673,1.2133429147525772,1.384067493075211,0.9425,100.0
7.0,0.02,0.5,3.8209285714285715,0.6166061057119966,1.06333769633959,1.2435784138961798,0.9155,100.0
10.0,0.02,0.5,3.1465,0.5658011376410599,0.956974769263626,1.1219840315925809,0.91,100.0
15.0,0.02,0.5,2.5456999999999996,0.4837665573721573,0.8073052494251436,0.9787108501274518,0.865,100.0
22.0,0.02,0.5,2.111340909090909,0.41172454825607124,0.680081283220167,0.84046276921346,0.8065,100.0
33.0,0.02,0.5,1.7853181818181818,0.344318613104566,0.5664156549300928,0.7041348872958372,0.7655,100.0
49.0,0.02,0.5,1.4190408163265307,0.248794270024941,0.4082370730910593,0.4898462986044614,0.6355,100.0
73.0,0.02,0.5,1.165027397260274,0.1724401909182213,0.28444994331245743,0.2613789105158572,0.5095,100.0
110.0,0.02,0.5,0.9387454545454545,0.10905796714369058,0.18126459635863854,0.0,0.3825,100.0
164.0,0.02,0.5,0.7769878048780487,0.062353372600448126,0.10498063492087491,0.0,0.2565,100.0
244.0,0.02,0.5,0.6389262295081967,0.031226518653758417,0.05346558131251942,0.0,0.1515,100.0
365.0,0.02,0.5,0.5351082191780822,0.013989903949330603,0.024194245491959778,0.0,0.078,100.0
544.0,0.02,0.5,0.4239375,0.003699650666783641,0.006602835072421304,0.0,0.026,100.0
812.0,0.02,0.5,0.3480073891625615,0.0008820543679540922,0.0016346275110696081,0.0,0.009,100.0
1212.0,0.02,0.5,0.28808663366336634,0.0001679725741011575,0.00029620791536974316,0.0,0.002,100.0
1809.0,0.02,0.5,0.2384472084024323,0.0,0.0,0.0,0.0,100.0
2701.0,0.02,0.5,0.18980525731210662,0.0,0.0,0.0,0.0,100.0
4031.0,0.02,0.5,0.15830327462168198,0.0,0.0,0.0,0.0,100.0
6016.0,0.02,0.5,0.13155851063829785,0.0,0.0,0.0,0.0,100.0
8979.0,0.02,0.5,0.1020011693952556,0.0,0.0,0.0,0.0,100.0
13400.0,0.02,0.5,0.08465108208955223,0.0,0.0,0.0,0.0,100.0
20000.0,0.02,0.5,0.07121549999999999,0.0,0.0,0.0,0.0,100.0
2.0,0.02,0.75,8.5345,0.8089667824414574,1.5319770172058897,1.678709705141416,0.977,10000.0
3.0,0.02,0.75,7.686333333333334,0.7949266746989331,1.484545618568209,1.626880869294228,0.9785,10000.0
4.0,0.02,0.75,6.906125,0.7736087859188203,1.4243004697232655,1.5725925001627923,0.9755,10000.0
7.0,0.02,0.75,5.961285714285714,0.7484567022152142,1.3519273169266208,1.4956610587323536,0.9785,10000.0
10.0,0.02,0.75,5.509600000000001,0.7302387040363852,1.3066662347676898,1.4532674125263219,0.9725,10000.0
15.0,0.02,0.75,5.047700000000001,0.7100203469497921,1.2575886339663964,1.4051024564287669,0.9685,10000.0
22.0,0.02,0.75,4.626863636363637,0.6894539205803534,1.2085319837059345,1.3560371876691433,0.969,10000.0
33.0,0.02,0.75,4.115863636363636,0.6538005002972088,1.1327545155479692,1.2880654625628283,0.963,10000.0
49.0,0.02,0.75,3.779122448979592,0.6298958250821383,1.081273896408044,1.2369046783525803,0.9455,10000.0
73.0,0.02,0.75,3.396678082191781,0.5936570858528617,1.0101931613132238,1.1708811494632811,0.9385,10000.0
110.0,0.02,0.75,3.1343818181818177,0.5756344044850711,0.9710667946809244,1.1194811192874494,0.9385,10000.0
164.0,0.02,0.75,2.7522256097560978,0.5201524521047216,0.8707003746505918,1.0329125890209903,0.9035,10000.0
244.0,0.02,0.75,2.5227622950819675,0.4849260858176108,0.8074804270368258,0.9723011101534705,0.876,10000.0
365.0,0.02,0.75,2.3293945205479454,0.44774852657842884,0.7437506016103324,0.9146609640730453,0.844,10000.0
544.0,0.02,0.75,2.0348713235294116,0.395543441712555,0.6528432309751929,0.8116089584053058,0.8135,10000.0
812.0,0.02,0.75,1.872585591133005,0.36222177161075353,0.5962575711562045,0.7443355067248195,0.7795,10000.0
1212.0,0.02,0.75,1.690267326732673,0.31968883221524574,0.5253535685669997,0.6564564011497004,0.7335,10000.0
1809.0,0.02,0.75,1.5377343836373687,0.2768318175039884,0.45528570680106656,0.5693929666355005,0.686,10000.0
2701.0,0.02,0.75,1.3857308404294706,0.23966826520443196,0.39392112820966757,0.4651385415954825,0.638,10000.0
4031.0,0.02,0.75,1.30169982634582,0.21683555270590718,0.35671464098503664,0.39695782297218796,0.6065,10000.0
6016.0,0.02,0.75,1.1356384640957449,0.16617999361943678,0.27431530690913064,0.22642295077012983,0.507,10000.0
8979.0,0.02,0.75,1.0380158146786949,0.1366889922131037,0.22660544566611743,0.08324360564930405,0.4545,10000.0
13400.0,0.02,0.75,0.9316048507462686,0.10555570582525618,0.17599174460817,0.0,0.3835,10000.0
20000.0,0.02,0.75,0.8667229,0.08499602390167013,0.1422181449461738,0.0,0.327,10000.0
2.0,0.02,1.0,9.95625,0.8360471472289409,1.6136679642700378,1.752906584064255,0.9845,
3.0,0.02,1.0,10.020833333333332,0.8430020349885704,1.6287487864909658,1.755968400866172,0.99,
4.0,0.02,1.0,9.9045,0.8418308929523637,1.6241039888392346,1.7504358729633944,0.9915,
7.0,0.02,1.0,10.034071428571428,0.8478264862875458,1.6388262638974973,1.7565930701133963,0.9925,
10.0,0.02,1.0,9.66375,0.8442491826140945,1.6226563319074294,1.7387336227281331,0.9965,
15.0,0.02,1.0,10.207600000000001,0.8522292642332552,1.6512054709094888,1.7646908716120662,0.997,
22.0,0.02,1.0,10.099886363636363,0.8509535606839425,1.6460683000516856,1.7596840444224444,0.9945,
33.0,0.02,1.0,10.088515151515152,0.8492096264686404,1.6414002216250232,1.7591517341080247,0.997,
49.0,0.02,1.0,9.83904081632653,0.8506393934676019,1.638567745585616,1.7472882771114873,0.9965,
73.0,0.02,1.0,10.022095890410958,0.8528130114104215,1.6468579041191043,1.756028020283582,0.9985,
110.0,0.02,1.0,9.976554545454544,0.850284996737119,1.6425421190047762,1.7538717681936988,0.9955,
164.0,0.02,1.0,10.066850609756099,0.852559965764924,1.6470980880969588,1.758135571182618,0.997,
244.0,0.02,1.0,10.016092213114755,0.8510986916590632,1.6446038668856224,1.7557444389067833,0.993,
365.0,0.02,1.0,10.011879452054792,0.8527344311184102,1.6471233250896702,1.755545328608862,0.9945,
544.0,0.02,1.0,10.032598345588235,0.8558533973016156,1.653525668925788,1.756523608436115,0.996,
812.0,0.02,1.0,10.004647167487684,0.8499158241346213,1.6411760932988,1.7552032694837516,0.997,
1212.0,0.02,1.0,9.932901815181518,0.8520331887799009,1.644223095581384,1.7517937859050148,0.9965,
1809.0,0.02,1.0,10.133704809286897,0.8546019227655929,1.654197953437316,1.7612629070840766,0.995,
2701.0,0.02,1.0,9.832785634950017,0.8505811336214497,1.6381898902096441,1.7469861775757602,0.998,
4031.0,0.02,1.0,9.954465517241381,0.8479596818928964,1.6361677949517028,1.7528216447462384,0.9945,
6016.0,0.02,1.0,10.10390699800532,0.8475669524629827,1.640635444627504,1.7598720862837152,0.994,
8979.0,0.02,1.0,9.740902940193788,0.8476021098494109,1.6307972685539627,1.742521750841419,0.997,
13400.0,0.02,1.0,10.236485671641791,0.8558795352835766,1.6581234944449188,1.766022764512013,0.9965,
20000.0,0.02,1.0,10.101570199999998,0.8515745440141129,1.6460304529122034,1.7597628070612417,0.9965,
2.0,0.02,1.25,11.80025,0.8624614247086795,1.7058211324912214,1.8320743622059525,0.9855,0.0001
3.0,0.02,1.25,12.940833333333332,0.8786341661812983,1.759628939905207,1.873986605733832,0.9945,0.0001
4.0,0.02,1.25,14.11625,0.8886970233333277,1.8003634158617787,1.9128290118146485,0.9955,0.0001
7.0,0.02,1.25,16.3055,0.9073598250292453,1.8779398293220215,1.975931263403565,0.998,0.0001
10.0,0.02,1.25,17.8797,0.9149858631184231,1.91711653253653,2.015457043885346,0.9995,0.0001
15.0,0.02,1.25,19.650066666666667,0.9242734971591912,1.9643884135734306,2.055326491276001,0.9995,0.0001
22.0,0.02,1.25,21.33397727272727,0.9280876906232373,1.9960549019309133,2.0895552805651594,0.9995,0.0001
33.0,0.02,1.25,24.0785,0.9390639380067486,2.053953152949718,2.139141442350529,0.9995,0.0001
49.0,0.02,1.25,26.069734693877553,0.9429188989108331,2.0880016882532684,2.171204519257875,1.0,0.0001
73.0,0.02,1.25,28.91526712328767,0.9479112236944498,2.1270480326745957,2.212446841913366,1.0,0.0001
110.0,0.02,1.25,32.277654545454546,0.9538329656132525,2.1742970542273032,2.2555737048589157,1.0,0.0001
164.0,0.02,1.25,34.394685975609754,0.9566902926775589,2.199122375219668,2.2801775164699376,1.0,0.0001
244.0,0.02,1.25,39.4163094262295,0.962724898061882,2.2556298370368535,2.332243242453684,1.0,0.0001
365.0,0.02,1.25,44.260267123287676,0.9662458235752275,2.2996919660567015,2.375790706856532,0.9995,0.0001
544.0,0.02,1.25,48.54184466911765,0.969868448679924,2.3390627574414613,2.4100199138151774,1.0,0.0001
812.0,0.02,1.25,53.330085591133,0.971811295011133,2.36804665583258,2.444485569258297,1.0,0.0001
1212.0,0.02,1.25,57.72027475247525,0.9742291723398098,2.398848126330983,2.473160157264879,1.0,0.0001
1809.0,0.02,1.25,65.48101768933113,0.9771838245385217,2.4466836667507827,2.5183253956271474,1.0,0.0001
2701.0,0.02,1.25,72.04830155497964,0.9791419791047535,2.479533019629449,2.5521000700113037,1.0,0.0001
4031.0,0.02,1.25,80.27899503845201,0.981680421643432,2.5208026241542827,2.589880749492223,1.0,0.0001
6016.0,0.02,1.25,86.57675681515958,0.982552204382015,2.545012553123297,2.61598717011232,1.0,0.0001
8979.0,0.02,1.25,97.01341357612206,0.985125561420614,2.5918733716692506,2.654922719787686,1.0,0.0001
13400.0,0.02,1.25,107.69939324626867,0.9862556625193042,2.623794676308462,2.6902500173791486,1.0,0.0001
20000.0,0.02,1.25,117.683688425,0.9875743400543842,2.6555196003443333,2.7199181897593454,1.0,0.0001
2.0,0.05,0.25,14.95025,0.8933560915419141,1.8257305325862552,1.9381435119745232,0.9945,73.10044345532164
3.0,0.05,0.25,10.895666666666665,0.8562789953690676,1.6750296765425805,1.7952456605723695,0.991,73.10044345532164
4.0,0.05,0.25,8.730875,0.8244772926922581,1.5628053389307397,1.689817076140488,0.9895,73.10044345532164
7.0,0.05,0.25,5.791,0.7475994828241889,1.3437164010382074,1.480169212569589,0.976,73.10044345532164
10.0,0.05,0.25,4.421049999999999,0.6714694820332688,1.1723655948406226,1.3298941015839099,0.955,73.10044345532164
15.0,0.05,0.25,3.2744333333333335,0.5831093662314044,0.9880872311772666,1.1476256871627608,0.9215,73.10044345532164
22.0,0.05,0.25,2.441,0.4686148554633652,0.7794407687058879,0.9487464293256308,0.8565,73.10044345532164
33.0,0.05,0.25,1.8211060606060605,0.35115107520238953,0.5770570513342014,0.7210029741868709,0.75,73.10044345532164
49.0,0.05,0.25,1.3696326530612246,0.23558863991777837,0.3869210202494704,0.4527598168492929,0.6135,73.10044345532164
73.0,0.05,0.25,0.9990684931506848,0.12568785032304147,0.20798421061867065,0.0,0.401,73.10044345532164
110.0,0.05,0.25,0.7324954545454545,0.05365957422213745,0.09037459609524581,0.0,0.2245,73.10044345532164
164.0,0.05,0.25,0.5512835365853659,0.017461411811104433,0.030411053417990552,0.0,0.099,73.10044345532164
244.0,0.05,0.25,0.39803278688524585,0.0037499157279245426,0.006647952072731542,0.0,0.025,73.10044345532164
365.0,0.05,0.25,0.29408493150684933,0.0004747583521696782,0.0009217215123411538,0.0,0.005,73.10044345532164
544.0,0.05,0.25,0.22631158088235293,0.0,0.0,0.0,0.0,73.10044345532164
812.0,0.05,0.25,0.1630979064039409,0.0,0.0,0.0,0.0,73.10044345532164
1212.0,0.05,0.25,0.12112706270627063,0.0,0.0,0.0,0.0,73.10044345532164
1809.0,0.05,0.25,0.09072913211719183,0.0,0.0,0.0,0.0,73.10044345532164
2701.0,0.05,0.25,0.06578526471677157,0.0,0.0,0.0,0.0,73.10044345532164
4031.0,0.05,0.25,0.0477740014884644,0.0,0.0,0.0,0.0,73.10044345532164
6016.0,0.05,0.25,0.037011635638297874,0.0,0.0,0.0,0.0,73.10044345532164
8979.0,0.05,0.25,0.027401770798529904,0.0,0.0,0.0,0.0,73.10044345532164
13400.0,0.05,0.25,0.01957891791044776,0.0,0.0,0.0,0.0,73.10044345532164
20000.0,0.05,0.25,0.01488575,0.0,0.0,0.0,0.0,73.10044345532164
2.0,0.05,0.5,17.53775,0.9078817538394147,1.8998074778331941,2.007226093351075,0.9955,625.0
3.0,0.05,0.5,14.242833333333333,0.8895056333657938,1.8046936597693974,1.9167830080565815,0.996,625.0
4.0,0.05,0.5,12.54625,0.8752204276090838,1.74504487485051,1.860001203205982,0.9935,625.0
7.0,0.05,0.5,9.412142857142857,0.8393599701620432,1.6077536674619979,1.7261216925291434,0.994,625.0
10.0,0.05,0.5,7.89795,0.8113587724348902,1.51801316461129,1.6404451395292654,0.9895,625.0
15.0,0.05,0.5,6.452466666666667,0.7637075640140315,1.3936440319415424,1.5374092266804948,0.978,625.0
22.0,0.05,0.5,5.274045454545454,0.7265200505620024,1.2907242398444918,1.4293752538954188,0.9795,625.0
33.0,0.05,0.5,4.36669696969697,0.6678101061195763,1.1652557647486341,1.3227252396663738,0.958,625.0
49.0,0.05,0.5,3.571438775510204,0.608417145571825,1.040099235297244,1.2022280015801798,0.943,625.0
73.0,0.05,0.5,2.9536986301369863,0.5497403115106149,0.9239124549093877,1.0805012388337352,0.9175,625.0
110.0,0.05,0.5,2.3792363636363634,0.4640690253316843,0.769553964160606,0.9301742954716844,0.8635,625.0
164.0,0.05,0.5,1.9320152439024392,0.3745664000718955,0.6172306517634777,0.7700128751242751,0.798,625.0
244.0,0.05,0.5,1.591188524590164,0.29699832624684414,0.48679662821016534,0.6015911588267934,0.6965,625.0
365.0,0.05,0.5,1.3125917808219179,0.21721294770722285,0.3570812689081331,0.40632586192169096,0.589,625.0
544.0,0.05,0.5,1.0690680147058824,0.1433224582630321,0.2373329091221719,0.13491280486910015,0.4605,625.0
812.0,0.05,0.5,0.8722284482758621,0.08636205290855571,0.1440184297837082,0.0,0.3185,625.0
1212.0,0.05,0.5,0.7136365511551155,0.04656503650555505,0.078755232158556,0.0,0.203,625.0
1809.0,0.05,0.5,0.6018327805417358,0.02525860377351338,0.04326387449943733,0.0,0.125,625.0
2701.0,0.05,0.5,0.4745179563124769,0.006724256403603747,0.011876340971667686,0.0,0.0445,625.0
4031.0,0.05,0.5,0.39993897295956343,0.002732355825850324,0.004945097355996983,0.0,0.0215,625.0
6016.0,0.05,0.5,0.326301446143617,0.0002866376780543215,0.0005762903549191551,0.0,0.005,625.0
8979.0,0.05,0.5,0.26280588038757097,0.0002302278224795659,0.00042835560531602755,0.0,0.002,625.0
13400.0,0.05,0.5,0.22137085820895525,0.0,0.0,0.0,0.0,625.0
20000.0,0.05,0.5,0.17274350000000002,0.0,0.0,0.0,0.0,625.0
2.0,0.05,0.75,21.17475,0.9255128162113879,1.9856396908072835,2.086454944059756,0.9995,390625.0
3.0,0.05,0.75,18.93316666666667,0.9168744975894255,1.9376072994276856,2.0397055634762213,0.998,390625.0
4.0,0.05,0.75,17.4735,0.9128370765714321,1.9075535571553242,2.005658661688298,0.999,390625.0
7.0,0.05,0.75,15.676285714285713,0.9029192377014674,1.8582740883307447,1.9588644197938796,0.998,390625.0
10.0,0.05,0.75,14.285,0.8940089669755009,1.8163779907693784,1.9180909485356046,0.9975,390625.0
15.0,0.05,0.75,12.410466666666666,0.8794226634185969,1.75064856128543,1.8550674265650349,0.9975,390625.0
22.0,0.05,0.75,11.469,0.8673684359814905,1.706717768085789,1.818991680093569,0.9955,390625.0
33.0,0.05,0.75,10.351954545454545,0.8545406863491498,1.6580027140044375,1.7713021808322638,0.994,390625.0
49.0,0.05,0.75,9.587826530612245,0.8437229025554429,1.6205507797944139,1.7349700749915575,0.9925,390625.0
73.0,0.05,0.75,8.446438356164382,0.8247291439123655,1.5562325083180428,1.673627299905405,0.992,390625.0
110.0,0.05,0.75,7.783786363636364,0.8133175761184444,1.5172647824822296,1.633183575821983,0.995,390625.0
164.0,0.05,0.75,6.812225609756098,0.7831645997771864,1.4368119495077276,1.5655500688967228,0.9885,390625.0
244.0,0.05,0.75,6.300719262295082,0.7706201730997382,1.3985142420635244,1.524947348400359,0.989,390625.0
365.0,0.05,0.75,5.821309589041096,0.7534252598587957,1.3551072741296721,1.4829682448922168,0.987,390625.0
544.0,0.05,0.75,5.162944852941177,0.7210554184056964,1.2780212893464777,1.4176306449180183,0.976,390625.0
812.0,0.05,0.75,4.732958128078818,0.7018004917287081,1.23179412247984,1.3689331394804622,0.979,390625.0
1212.0,0.05,0.75,4.28157508250825,0.6667344558463274,1.1587994477632362,1.3112613786733935,0.9625,390625.0
1809.0,0.05,0.75,3.8314447208402433,0.6393659846034655,1.098175883480625,1.2452419061062991,0.9595,390625.0
2701.0,0.05,0.75,3.4736019992595337,0.6042774303521814,1.0295220869952562,1.1849409977658045,0.947,390625.0
4031.0,0.05,0.75,3.0954539816422724,0.5628223760635257,0.9497126085214721,1.1113498781953843,0.9245,390625.0
6016.0,0.05,0.75,2.831349650930852,0.5289634138502957,0.8872805080246697,1.0521688064637462,0.8995,390625.0
8979.0,0.05,0.75,2.633312674017151,0.5010681839242538,0.8368034583901673,1.0024468648455107,0.8925,390625.0
13400.0,0.05,0.75,2.314935783582089,0.449556335105386,0.7454764769811523,0.9100683001082773,0.845,390625.0
20000.0,0.05,0.75,2.0859582499999996,0.4068802388304101,0.6718655370690519,0.8310668309857224,0.8175,390625.0
2.0,0.05,1.0,25.26775,0.9386724624240599,2.0671892330999238,2.158641115353489,0.999,
3.0,0.05,1.0,25.12016666666667,0.9384742281846191,2.062850062576731,2.1562792579675554,0.9995,
4.0,0.05,1.0,25.039625,0.9381769914109978,2.0607135442590407,2.1549835666351163,0.9995,
7.0,0.05,1.0,24.726785714285715,0.9372979290805779,2.057849347909084,2.149905000214078,0.9985,
10.0,0.05,1.0,25.171899999999997,0.9415704590808914,2.0758660883500144,2.157108986657727,1.0,
15.0,0.05,1.0,25.558300000000003,0.9412125576980889,2.075858941112291,2.1632449517155776,0.9995,
22.0,0.05,1.0,24.122886363636365,0.9377282891842288,2.0516424203577635,2.1398889783808555,1.0,
33.0,0.05,1.0,24.750984848484848,0.9393776960959324,2.0631846741543174,2.150300474545634,0.9995,
49.0,0.05,1.0,24.923867346938774,0.9388146584633473,2.0620124505493376,2.153112930459724,1.0,
73.0,0.05,1.0,25.258020547945204,0.9414621739629692,2.074949844847267,2.158485898381675,1.0,
110.0,0.05,1.0,24.475800000000003,0.939012261497862,2.0613881792715363,2.1457768174261074,0.9995,
164.0,0.05,1.0,24.647743902439025,0.9392886802179634,2.062509355209887,2.1486101504121224,1.0,
244.0,0.05,1.0,24.656184426229505,0.9389527973167076,2.059483206087541,2.148748649343547,1.0,
365.0,0.05,1.0,25.04297397260274,0.9407665854827333,2.0707309824335254,2.1550375377197803,1.0,
544.0,0.05,1.0,24.605126838235293,0.9390256810533079,2.0608957554287564,2.1479100208655457,0.9995,
812.0,0.05,1.0,25.1954224137931,0.9414849934140478,2.0732596238778003,2.1574856044375115,1.0,
1212.0,0.05,1.0,25.20848638613861,0.9414727715090255,2.072823377085921,2.1576945973837653,0.9995,
1809.0,0.05,1.0,24.675893587617466,0.9387017496412126,2.0599092174854423,2.1490718408918306,1.0,
2701.0,0.05,1.0,24.771299888930024,0.9395236622427303,2.064686752631155,2.150632129795457,0.9995,
4031.0,0.05,1.0,25.043661002232696,0.9403063538472897,2.070483125287831,2.155048608666913,1.0,
6016.0,0.05,1.0,24.72073778257979,0.9393116743399224,2.0634698573693906,2.149806092348792,1.0,
8979.0,0.05,1.0,24.99835248914133,0.9386891514510687,2.0632285241598,2.1543177483856106,0.999,
13400.0,0.05,1.0,25.073133582089554,0.9393913587878499,2.0654262914537234,2.1555232077783364,1.0,
20000.0,0.05,1.0,25.368057450000002,0.9424359027089979,2.076659569305616,2.160237357388133,1.0,
2.0,0.05,1.25,29.88325,0.9495079401062667,2.1404989577570093,2.22542693518957,0.9995,2.56e-06
3.0,0.05,1.25,32.624,0.9532117299462707,2.1735943485112177,2.259722517994172,1.0,2.56e-06
4.0,0.05,1.25,35.573375,0.9566783230623854,2.210078948794572,2.2931405585013893,0.9995,2.56e-06
7.0,0.05,1.25,40.894357142857146,0.9633212330499776,2.268743741408834,2.346145634311424,1.0,2.56e-06
10.0,0.05,1.25,44.1212,0.966147722012926,2.2987520088536146,2.3746170128243143,1.0,2.56e-06
15.0,0.05,1.25,49.4135,0.9697161432770868,2.341375927507017,2.416571373105147,1.0,2.56e-06
22.0,0.05,1.25,54.562681818181815,0.9733051156139488,2.380785857517697,2.45279642549679,1.0,2.56e-06
33.0,0.05,1.25,61.38592424242424,0.975957752627497,2.422730873378905,2.495289196278505,1.0,2.56e-06
49.0,0.05,1.25,66.0924693877551,0.9772367808741921,2.4485377834842534,2.5216264176389984,1.0,2.56e-06
73.0,0.05,1.25,72.66143150684931,0.9796656850063035,2.485923038442643,2.555076603077704,1.0,2.56e-06
110.0,0.05,1.25,80.14573636363636,0.9813405850952338,2.520168637562165,2.589303994588158,1.0,2.56e-06
164.0,0.05,1.25,88.72570426829269,0.9834427746973291,2.5573667029047673,2.624415566184108,1.0,2.56e-06
244.0,0.05,1.25,98.64113524590165,0.9848838192653061,2.5910548265087425,2.6605745066395046,1.0,2.56e-06
365.0,0.05,1.25,108.18651095890411,0.9861628706004977,2.6244248305457263,2.6917668478863988,1.0,2.56e-06
544.0,0.05,1.25,121.4173943014706,0.9876894674814841,2.663950848641217,2.7303052149571103,1.0,2.56e-06
812.0,0.05,1.25,130.63277709359605,0.9883465449500645,2.6867197240382956,2.7545036373168306,1.0,2.56e-06
1212.0,0.05,1.25,148.48515057755776,0.9899828154796447,2.732794702172711,2.7964451301092943,1.0,2.56e-06
1809.0,0.05,1.25,164.7846326699834,0.9902198899375837,2.7592614411628946,2.8301567390305693,1.0,2.56e-06
2701.0,0.05,1.25,175.47907441688264,0.9916176997703618,2.7875000099304317,2.850344110112109,1.0,2.56e-06
4031.0,0.05,1.25,200.51354676258993,0.9925971348233416,2.830250355532422,2.8927591777243253,1.0,2.56e-06
6016.0,0.05,1.25,220.62511569148936,0.9930252935875787,2.8572155790166494,2.922833321939229,1.0,2.56e-06
8979.0,0.05,1.25,238.77025910457732,0.993513901248936,2.8820561881437596,2.9475017153030083,1.0,2.56e-06
13400.0,0.05,1.25,266.2349362313433,0.9942620441753796,2.9198158187515766,2.9811950809047225,1.0,2.56e-06
20000.0,0.05,1.25,295.50724305,0.994977530418008,2.953252069274662,3.013170573435187,1.0,2.56e-06
2.0,0.1,0.25,28.94875,0.9474006760278659,2.125908039609193,2.2129040784097995,0.9995,184.20157493201927
3.0,0.1,0.25,21.969333333333335,0.9299189440989543,2.0083939812906455,2.1016651995779005,0.998,184.20157493201927
4.0,0.1,0.25,17.550625,0.912113007666474,1.9067854873031724,2.007539383628204,0.9985,184.20157493201927
7.0,0.1,0.25,11.786857142857142,0.8708965999366076,1.721339075864109,1.8315539434387584,0.995,184.20157493201927
10.0,0.1,0.25,8.7267,0.8300582913280738,1.5732425901064049,1.689584099997077,0.9935,184.20157493201927
15.0,0.1,0.25,6.531533333333333,0.7716390238735099,1.409042087899376,1.5437585318814713,0.9815,184.20157493201927
22.0,0.1,0.25,4.842863636363636,0.7020809927823838,1.2368725142445958,1.381905358362061,0.97,184.20157493201927
33.0,0.1,0.25,3.551681818181818,0.611874710906786,1.0442231523292007,1.1987888239570839,0.9445,184.20157493201927
49.0,0.1,0.25,2.6958673469387757,0.5076280865322411,0.8488804784906169,1.0187121736021447,0.884,184.20157493201927
73.0,0.1,0.25,1.982150684931507,0.38812202780241356,0.6397782330304045,0.7907133514143186,0.8125,184.20157493201927
110.0,0.1,0.25,1.4787090909090908,0.26688009930230494,0.43795520416936007,0.5313564929757496,0.6665,184.20157493201927
164.0,0.1,0.25,1.0734115853658537,0.14536019490470364,0.24026756675344133,0.14156529955142597,0.4515,184.20157493201927
244.0,0.1,0.25,0.8060020491803278,0.06737608399944658,0.1138406202085189,0.0,0.2865,184.20157493201927
365.0,0.1,0.25,0.5791082191780822,0.0205436299061474,0.03560956378522507,0.0,0.112,184.20157493201927
544.0,0.1,0.25,0.43930238970588237,0.004112822787108925,0.007352046518149056,0.0,0.0285,184.20157493201927
812.0,0.1,0.25,0.32976970443349757,0.0007126849949924051,0.001347078082337006,0.0,0.0075,184.20157493201927
1212.0,0.1,0.25,0.2435457920792079,0.0,0.0,0.0,0.0,184.20157493201927
1809.0,0.1,0.25,0.181246821448314,0.0,0.0,0.0,0.0,184.20157493201927
2701.0,0.1,0.25,0.13215549796371714,0.0,0.0,0.0,0.0,184.20157493201927
4031.0,0.1,0.25,0.09740225750434135,0.0,0.0,0.0,0.0,184.20157493201927
6016.0,0.1,0.25,0.07307247340425531,0.0,0.0,0.0,0.0,184.20157493201927
8979.0,0.1,0.25,0.05493696402717451,0.0,0.0,0.0,0.0,184.20157493201927
13400.0,0.1,0.25,0.04026921641791045,0.0,0.0,0.0,0.0,184.20157493201927
20000.0,0.1,0.25,0.02981205,0.0,0.0,0.0,0.0,184.20157493201927
2.0,0.1,0.5,35.74525,0.9583964385920783,2.214247701537565,2.29498997687342,1.0,2500.0
3.0,0.1,0.5,29.049,0.9461241904243454,2.121173480060829,2.214269466789936,0.9995,2500.0
4.0,0.1,0.5,25.11225,0.9373463851302927,2.061086641021569,2.156152112645731,0.9995,2500.0
7.0,0.1,0.5,19.009714285714285,0.9193241001156703,1.945540078485795,2.0414060195350308,0.9985,2500.0
10.0,0.1,0.5,15.522750000000002,0.9046414424336067,1.8601225043504415,1.9545777903604,0.9985,2500.0
15.0,0.1,0.5,13.116766666666667,0.8875671938580098,1.7812912384952315,1.88006028814943,0.9985,2500.0
22.0,0.1,0.5,10.713909090909091,0.8585897465302139,1.6746621954266847,1.7874040365988442,0.9955,2500.0
33.0,0.1,0.5,8.678257575757575,0.8318891540831949,1.5755226011735417,1.686870940126537,0.995,2500.0
49.0,0.1,0.5,7.057418367346939,0.7895035359424424,1.4555154543013844,1.5836937069902592,0.99,2500.0
73.0,0.1,0.5,5.81854794520548,0.7493899704342858,1.3490800515044046,1.482713972715632,0.985,2500.0
110.0,0.1,0.5,4.807954545454546,0.6990249891636169,1.2299437004840499,1.3778263954505752,0.9745,2500.0
164.0,0.1,0.5,3.9449603658536585,0.6486519995086603,1.1172590579513844,1.2628215710426678,0.959,2500.0
244.0,0.1,0.5,3.214125,0.5786670038178056,0.9787337821716735,1.1357122976833478,0.925,2500.0
365.0,0.1,0.5,2.651321917808219,0.5091951363186713,0.8491089759340916,1.0071857399297404,0.895,2500.0
544.0,0.1,0.5,2.1189724264705885,0.41783750344452986,0.6895982160041663,0.8432538366428564,0.836,2500.0
812.0,0.1,0.5,1.758430418719212,0.3372544348440257,0.5542813358971309,0.6910881476545819,0.7645,2500.0
1212.0,0.1,0.5,1.4358168316831683,0.25341177968109135,0.4158764277149271,0.5018568352900363,0.6465,2500.0
1809.0,0.1,0.5,1.1673794914317301,0.17794566084583022,0.292971879280477,0.2640650115434709,0.5215,2500.0
2701.0,0.1,0.5,0.9678071084783413,0.1162135444974235,0.19326500042405093,0.0,0.4105,2500.0
4031.0,0.1,0.5,0.7946823368891094,0.06905912694459557,0.11574094802661096,0.0,0.27,2500.0
6016.0,0.1,0.5,0.6603729222074468,0.036354060919162774,0.061872376905886685,0.0,0.1705,2500.0
8979.0,0.1,0.5,0.5163109477670118,0.011710994793579054,0.02052477393415081,0.0,0.071,2500.0
13400.0,0.1,0.5,0.4385662313432836,0.004888993011860656,0.008690880110297514,0.0,0.034,2500.0
20000.0,0.1,0.5,0.350504025,0.0012601599424437824,0.002277115439608264,0.0,0.0115,2500.0
2.0,0.1,0.75,42.46125,0.962705475732493,2.2735832347472313,2.3602761606333558,1.0,6250000.0
3.0,0.1,0.75,37.55916666666666,0.9585274138005102,2.227448045012656,2.3139135691391863,0.9995,6250000.0
4.0,0.1,0.75,34.89325,0.9548896452210597,2.195192063464432,2.2857213509775822,1.0,6250000.0
7.0,0.1,0.75,31.257428571428573,0.9523468798690221,2.1610481761242273,2.2430513249886275,1.0,6250000.0
10.0,0.1,0.75,28.1675,0.945873494293749,2.1144790568974834,2.2020746616597493,1.0,6250000.0
15.0,0.1,0.75,25.5701,0.9401154840063718,2.0748806364918275,2.16343065311237,0.9995,6250000.0
22.0,0.1,0.75,22.921613636363638,0.9333649815824936,2.0275117163698724,2.119077723492168,0.9995,6250000.0
33.0,0.1,0.75,20.416954545454548,0.926525489492166,1.9800595052836074,2.0713204541572,0.9995,6250000.0
49.0,0.1,0.75,18.678377551020407,0.9211788013407126,1.9432198750680998,2.033987451961195,0.999,6250000.0
73.0,0.1,0.75,16.90176712328767,0.911996092919654,1.8965910928894958,1.9914073429810837,0.9995,6250000.0
110.0,0.1,0.75,15.424454545454545,0.9036219503967939,1.8563637960772075,1.9518072256971952,0.9995,6250000.0
164.0,0.1,0.75,13.998975609756096,0.8940755998977395,1.8121818317531853,1.909128295168998,0.998,6250000.0
244.0,0.1,0.75,12.922981557377048,0.8831451950883873,1.7680613307189552,1.8733648534491283,0.9965,6250000.0
365.0,0.1,0.75,11.50489178082192,0.8742602749230075,1.7213196058790325,1.8204308548734327,0.998,6250000.0
544.0,0.1,0.75,10.296632352941176,0.8538360719220329,1.6564051754942535,1.7687816394453868,0.9955,6250000.0
812.0,0.1,0.75,9.458674261083745,0.8430263689315618,1.6167855632015362,1.7284845701389218,0.993,6250000.0
1212.0,0.1,0.75,8.387727722772278,0.8229337107459973,1.5515770397207915,1.6702028731176635,0.9935,6250000.0
1809.0,0.1,0.75,7.536613045881702,0.805703612940739,1.4969626217904393,1.6170042581791841,0.991,6250000.0
2701.0,0.1,0.75,7.043880229544613,0.7937452368554664,1.4612122630020576,1.5827123804215488,0.993,6250000.0
4031.0,0.1,0.75,6.338875961299926,0.7686563930312865,1.3974027382217549,1.528115844348569,0.9875,6250000.0
6016.0,0.1,0.75,5.57672265625,0.737224843936155,1.319702507183026,1.459839545988688,0.9825,6250000.0
8979.0,0.1,0.75,5.182514589597951,0.7238072496159316,1.283655948031815,1.4197226227349613,0.983,6250000.0
13400.0,0.1,0.75,4.693609104477612,0.699505511251834,1.226431252482758,1.3641941096400023,0.973,6250000.0
20000.0,0.1,0.75,4.1352001,0.6621388964589786,1.1460995485420005,1.2908346882813408,0.9655,6250000.0
2.0,0.1,1.0,49.92875,0.9698994423848399,2.342431766223431,2.4203831742306634,1.0,
3.0,0.1,1.0,50.15383333333334,0.9699500581802949,2.3465757025336655,2.422034465734635,1.0,
4.0,0.1,1.0,49.852125,0.9688508570745747,2.339267748523669,2.419819114241527,1.0,
7.0,0.1,1.0,50.163357142857144,0.970829565288371,2.3502743200332046,2.422104151854116,1.0,
10.0,0.1,1.0,50.11345,0.9701927628439414,2.3463421268771527,2.421738813689324,1.0,
15.0,0.1,1.0,50.96313333333333,0.970724232783522,2.3523505971021037,2.4279036422231033,1.0,
22.0,0.1,1.0,49.69204545454545,0.9689427677727319,2.338169404716099,2.418637565725546,1.0,
33.0,0.1,1.0,50.506166666666665,0.9702514536703225,2.3480301073580394,2.4246026421223874,1.0,
49.0,0.1,1.0,49.89689795918367,0.9702764182478014,2.3453061464018505,2.420148820008697,1.0,
73.0,0.1,1.0,49.924554794520546,0.9705789253308437,2.347151109777234,2.4203523172531654,1.0,
110.0,0.1,1.0,49.36161818181818,0.9697076197379297,2.3388842989821668,2.4161850765765522,1.0,
164.0,0.1,1.0,49.42543597560975,0.9694907059823333,2.3384618237514037,2.4166601802311116,1.0,
244.0,0.1,1.0,50.29354303278688,0.9703722498000683,2.3478204777900427,2.423055238030173,1.0,
365.0,0.1,1.0,49.880849315068495,0.9697218081965469,2.343055148952545,2.420030676906146,1.0,
544.0,0.1,1.0,51.0171737132353,0.9706991381190215,2.3530732215043866,2.42829181276052,1.0,
812.0,0.1,1.0,49.91591687192119,0.9702526974774482,2.3444989008256125,2.4202887735885974,1.0,
1212.0,0.1,1.0,49.98467244224422,0.968328452563713,2.3406895280598894,2.4207942219508087,1.0,
1809.0,0.1,1.0,49.34542896627971,0.9696484818516655,2.340405460572195,2.4160644429652813,1.0,
2701.0,0.1,1.0,50.03895261014439,0.9704579645016979,2.3455976291813894,2.421192703914768,1.0,
4031.0,0.1,1.0,49.09529508806747,0.9698200190664302,2.339422547400577,2.4141948943820504,1.0,
6016.0,0.1,1.0,50.71467470079787,0.9703851546006472,2.349456718765928,2.4261129950228106,1.0,
8979.0,0.1,1.0,50.62275297917363,0.9696834101525833,2.344437476418828,2.4254480114232155,1.0,
13400.0,0.1,1.0,50.38784298507463,0.9701206505768062,2.3481690820399717,2.423742428011522,1.0,
20000.0,0.1,1.0,50.1642022,0.9698342778857336,2.345372927522142,2.422110334454272,1.0,
2.0,0.1,1.25,60.62775,0.9743335473345864,2.413148034100833,2.4908357639614263,1.0,1.6e-07
3.0,0.1,1.25,65.10883333333334,0.9768271971789141,2.4426037898207897,2.51629918912058,1.0,1.6e-07
4.0,0.1,1.25,70.593875,0.9788264141689221,2.474219621950603,2.5449248754250946,1.0,1.6e-07
7.0,0.1,1.25,80.45785714285714,0.9815880037251643,2.521406557861419,2.590653208248147,1.0,1.6e-07
10.0,0.1,1.25,89.69815,0.9835677827905995,2.5608740781650083,2.628155429247595,1.0,1.6e-07
15.0,0.1,1.25,100.67196666666668,0.9847712904946785,2.595854054257075,2.667482858412361,1.0,1.6e-07
22.0,0.1,1.25,109.35538636363636,0.9865405269716984,2.63050367192264,2.6953760123905535,1.0,1.6e-07
33.0,0.1,1.25,120.50707575757578,0.9874025138463778,2.6603711962909293,2.7278055572045603,1.0,1.6e-07
49.0,0.1,1.25,132.04645918367345,0.9887878066640192,2.6933084165990384,2.7580488014840956,1.0,1.6e-07
73.0,0.1,1.25,144.94180821917809,0.9896476876197828,2.7230489903953417,2.7885780522948784,1.0,1.6e-07
110.0,0.1,1.25,161.79816363636363,0.9903635352583143,2.755373799709216,2.8242617946652215,1.0,1.6e-07
164.0,0.1,1.25,181.59052439024393,0.9916606799626654,2.796973344867396,2.8612835983666933,1.0,1.6e-07
244.0,0.1,1.25,194.50984631147537,0.9923964763954775,2.820718836117258,2.883138034771372,1.0,1.6e-07
365.0,0.1,1.25,221.50080273972603,0.9931964829385663,2.8638960647971174,2.9240739447554516,1.0,1.6e-07
544.0,0.1,1.25,238.76699356617644,0.9935206101060062,2.885336240081237,2.9474974620638097,1.0,1.6e-07
812.0,0.1,1.25,273.7175246305419,0.9946681178855468,2.933153746970638,2.989720188144299,1.0,1.6e-07
1212.0,0.1,1.25,295.63657178217824,0.9948762367227739,2.9518977110079927,3.013304078549363,1.0,1.6e-07
1809.0,0.1,1.25,323.6501116639027,0.9953683245486611,2.981874794650255,3.0408176299844554,1.0,1.6e-07
2701.0,0.1,1.25,358.7428848574602,0.9959023702475915,3.015794596472194,3.071842846480117,1.0,1.6e-07
4031.0,0.1,1.25,405.1316431406599,0.9963053163636927,3.050741489273496,3.108145486039743,1.0,1.6e-07
6016.0,0.1,1.25,433.08959582779255,0.9966317906536556,3.0742149501651608,3.12791082256503,1.0,1.6e-07
8979.0,0.1,1.25,477.9951492927943,0.9968797209509725,3.1004443282394387,3.1569334578129036,1.0,1.6e-07
13400.0,0.1,1.25,536.982949738806,0.9972111771527583,3.1351664929759013,3.19086905010699,1.0,1.6e-07
20000.0,0.1,1.25,596.423940075,0.9974891207245821,3.165979326924894,3.221216859198405,1.0,1.6e-07
